Workbook

Sheet Summary
A1: Madav — System Validation Tracker
A2: 2-day test pass · pick Pass/Fail/Blocked/Skipped/Retest on each tab · counts roll up here automatically
A4: Area | B4: Total | C4: Pass | D4: Fail | E4: Blocked | F4: Skipped/Retest | G4: Not run | H4: % Done
A5: 01 Projects | B5: 11 | C5: =COUNTIF('01 Projects'!$I$4:$I$14,"Pass") -> 0 | D5: =COUNTIF('01 Projects'!$I$4:$I$14,"Fail") -> 0 | E5: =COUNTIF('01 Projects'!$I$4:$I$14,"Blocked") -> 0 | F5: =COUNTIF('01 Projects'!$I$4:$I$14,"Skipped")+COUNTIF('01 Projects'!$I$4:$I$14,"Retest") -> 0 | G5: =B5-C5-D5-E5-F5 -> 11 | H5: =IF(B5=0,0,(B5-G5)/B5) -> 0
A6: 02 Agents | B6: 27 | C6: =COUNTIF('02 Agents'!$I$4:$I$30,"Pass") -> 0 | D6: =COUNTIF('02 Agents'!$I$4:$I$30,"Fail") -> 0 | E6: =COUNTIF('02 Agents'!$I$4:$I$30,"Blocked") -> 0 | F6: =COUNTIF('02 Agents'!$I$4:$I$30,"Skipped")+COUNTIF('02 Agents'!$I$4:$I$30,"Retest") -> 0 | G6: =B6-C6-D6-E6-F6 -> 27 | H6: =IF(B6=0,0,(B6-G6)/B6) -> 0
A7: 03 Studio | B7: 20 | C7: =COUNTIF('03 Studio'!$I$4:$I$23,"Pass") -> 0 | D7: =COUNTIF('03 Studio'!$I$4:$I$23,"Fail") -> 0 | E7: =COUNTIF('03 Studio'!$I$4:$I$23,"Blocked") -> 0 | F7: =COUNTIF('03 Studio'!$I$4:$I$23,"Skipped")+COUNTIF('03 Studio'!$I$4:$I$23,"Retest") -> 0 | G7: =B7-C7-D7-E7-F7 -> 20 | H7: =IF(B7=0,0,(B7-G7)/B7) -> 0
A8: 04 Scheduler | B8: 9 | C8: =COUNTIF('04 Scheduler'!$I$4:$I$12,"Pass") -> 0 | D8: =COUNTIF('04 Scheduler'!$I$4:$I$12,"Fail") -> 0 | E8: =COUNTIF('04 Scheduler'!$I$4:$I$12,"Blocked") -> 0 | F8: =COUNTIF('04 Scheduler'!$I$4:$I$12,"Skipped")+COUNTIF('04 Scheduler'!$I$4:$I$12,"Retest") -> 0 | G8: =B8-C8-D8-E8-F8 -> 9 | H8: =IF(B8=0,0,(B8-G8)/B8) -> 0
A9: 05 Playbook | B9: 12 | C9: =COUNTIF('05 Playbook'!$I$4:$I$15,"Pass") -> 0 | D9: =COUNTIF('05 Playbook'!$I$4:$I$15,"Fail") -> 0 | E9: =COUNTIF('05 Playbook'!$I$4:$I$15,"Blocked") -> 0 | F9: =COUNTIF('05 Playbook'!$I$4:$I$15,"Skipped")+COUNTIF('05 Playbook'!$I$4:$I$15,"Retest") -> 0 | G9: =B9-C9-D9-E9-F9 -> 12 | H9: =IF(B9=0,0,(B9-G9)/B9) -> 0
A10: 06 Connectors | B10: 8 | C10: =COUNTIF('06 Connectors'!$I$4:$I$11,"Pass") -> 0 | D10: =COUNTIF('06 Connectors'!$I$4:$I$11,"Fail") -> 0 | E10: =COUNTIF('06 Connectors'!$I$4:$I$11,"Blocked") -> 0 | F10: =COUNTIF('06 Connectors'!$I$4:$I$11,"Skipped")+COUNTIF('06 Connectors'!$I$4:$I$11,"Retest") -> 0 | G10: =B10-C10-D10-E10-F10 -> 8 | H10: =IF(B10=0,0,(B10-G10)/B10) -> 0
A11: 07 Lets Chat | B11: 14 | C11: =COUNTIF('07 Lets Chat'!$I$4:$I$17,"Pass") -> 0 | D11: =COUNTIF('07 Lets Chat'!$I$4:$I$17,"Fail") -> 0 | E11: =COUNTIF('07 Lets Chat'!$I$4:$I$17,"Blocked") -> 0 | F11: =COUNTIF('07 Lets Chat'!$I$4:$I$17,"Skipped")+COUNTIF('07 Lets Chat'!$I$4:$I$17,"Retest") -> 0 | G11: =B11-C11-D11-E11-F11 -> 14 | H11: =IF(B11=0,0,(B11-G11)/B11) -> 0
A12: 08 Lets Build | B12: 10 | C12: =COUNTIF('08 Lets Build'!$I$4:$I$13,"Pass") -> 0 | D12: =COUNTIF('08 Lets Build'!$I$4:$I$13,"Fail") -> 0 | E12: =COUNTIF('08 Lets Build'!$I$4:$I$13,"Blocked") -> 0 | F12: =COUNTIF('08 Lets Build'!$I$4:$I$13,"Skipped")+COUNTIF('08 Lets Build'!$I$4:$I$13,"Retest") -> 0 | G12: =B12-C12-D12-E12-F12 -> 10 | H12: =IF(B12=0,0,(B12-G12)/B12) -> 0
A13: 09 Recorders | B13: 6 | C13: =COUNTIF('09 Recorders'!$I$4:$I$9,"Pass") -> 0 | D13: =COUNTIF('09 Recorders'!$I$4:$I$9,"Fail") -> 0 | E13: =COUNTIF('09 Recorders'!$I$4:$I$9,"Blocked") -> 0 | F13: =COUNTIF('09 Recorders'!$I$4:$I$9,"Skipped")+COUNTIF('09 Recorders'!$I$4:$I$9,"Retest") -> 0 | G13: =B13-C13-D13-E13-F13 -> 6 | H13: =IF(B13=0,0,(B13-G13)/B13) -> 0
A14: 10 Terminal | B14: 5 | C14: =COUNTIF('10 Terminal'!$I$4:$I$8,"Pass") -> 0 | D14: =COUNTIF('10 Terminal'!$I$4:$I$8,"Fail") -> 0 | E14: =COUNTIF('10 Terminal'!$I$4:$I$8,"Blocked") -> 0 | F14: =COUNTIF('10 Terminal'!$I$4:$I$8,"Skipped")+COUNTIF('10 Terminal'!$I$4:$I$8,"Retest") -> 0 | G14: =B14-C14-D14-E14-F14 -> 5 | H14: =IF(B14=0,0,(B14-G14)/B14) -> 0
A15: 11 CLI (madav code) | B15: 7 | C15: =COUNTIF('11 CLI (madav code)'!$I$4:$I$10,"Pass") -> 0 | D15: =COUNTIF('11 CLI (madav code)'!$I$4:$I$10,"Fail") -> 0 | E15: =COUNTIF('11 CLI (madav code)'!$I$4:$I$10,"Blocked") -> 0 | F15: =COUNTIF('11 CLI (madav code)'!$I$4:$I$10,"Skipped")+COUNTIF('11 CLI (madav code)'!$I$4:$I$10,"Retest") -> 0 | G15: =B15-C15-D15-E15-F15 -> 7 | H15: =IF(B15=0,0,(B15-G15)/B15) -> 0
A16: TOTAL | B16: =SUM(B5:B15) -> 129 | C16: =SUM(C5:C15) -> 0 | D16: =SUM(D5:D15) -> 0 | E16: =SUM(E5:E15) -> 0 | F16: =SUM(F5:F15) -> 0 | G16: =SUM(G5:G15) -> 129 | H16: =IF(B16=0,0,(B16-G16)/B16) -> 0
A18: Priority key: | B18: P1 = must pass before launch
B19: P2 = important
B20: P3 = nice-to-have / edge

Sheet How to use
B1: How to use this tracker
B3: What this is
B4: A 129-case validation plan covering all 12 areas you listed. Each area is its own tab. Work top-to-bottom; the Summary tab counts your results automatically.
B6: Running a test
B7: 1. Open an area tab. Read the Scenario, do exactly the Steps, using the Example input/data where given.
B8: 2. Compare what happened to the Expected result column.
B9: 3. In the Result column pick: Pass, Fail, Blocked (couldn't run), Skipped, or Retest. The cell colours itself.
B10: 4. If it failed, set a Severity (S1-Critical … S4-Cosmetic) and write what went wrong in Notes / bug link.
B12: Priorities
B13: P1 = must pass before launch (test these first). P2 = important. P3 = nice-to-have / edge cases. If you only have 2 days, clear every P1 across all tabs first, then P2.
B15: Suggested 2-day order
B16: Day 1: Agents -> Studio -> Projects -> Let's Chat -> Connectors (the core creation + collaboration paths).
... B29: • Found a bug? Note it here, then we fix it next session.

Sheet 01 Projects
A1: Projects
A2: Projects / Workrooms — with agents, with a team, without agents, and Recruiter inside a room.
A3: ID | B3: Sub-area | C3: Scenario | D3: Preconditions | E3: Steps | F3: Example input / data | G3: Expected result | H3: Priority | I3: Result | J3: Severity | K3: Notes / bug link
A4: PRJ-01 | B4: Create | C4: Create an empty Workroom | D4: Logged in; on Projects. | E4: 1) Sidebar > Projects. 2) Click 'New project' (or 'New workroom'). 3) Name it; pick an icon/color. 4) Open it. | F4: Name: 'Q3 Launch' | G4: Room is created, appears in the Projects list, opens to an empty room with Chats/Tasks/Files/crew column. No agents attached yet. | H4: P1
A5: PRJ-02 | B5: Without agents | C5: Use a plain room with no agents | D5: An empty room exists. | E5: 1) Open 'Q3 Launch'. 2) Start a chat in the room with the base model only. 3) Drop a file into the room. 4) Add a task. | F5: Chat: 'Summarize the attached brief'; attach brief.pdf | G5: Plain chat answers using the room's files; no agent/crew is required; file is readable by the room; task is saved. | H5: P1
A6: PRJ-03 | B6: Single agent | C6: Attach ONE agent to a room | D6: Have at least one saved agent (see Agents tab). | E6: 1) Open room > crew column. 2) 'Add agent' > pick a single agent (e.g., Researcher). 3) Ask the room a question that should route to that agent. | F6: 'Research 3 competitors and list pricing' | G6: The agent appears in the crew, takes the task, runs with its own tools/model, and posts a result attributed to that agent. | H6: P1
A7: PRJ-04 | B7: Agent team | C7: Attach an existing TEAM to a room | D7: Have a saved team (Recruiter). | E7: 1) Crew column > Add > choose a Team. 2) Confirm all members appear. 3) Give a multi-step brief that needs more than one role. | F7: 'Draft a launch plan: research, copy, and a checklist' | G7: All team members load into the room; work is split/handed off across members; a combined output is produced. | H7: P1
A8: PRJ-05 | B8: Recruiter in room | C8: Build a team via Recruiter from inside a room | D8: In a room with no team yet. | E8: 1) Crew column > Recruiter / 'Build a team'. 2) Describe the outcome you want. 3) Review the proposed org-chart, readiness line, and team-wide settings. 4) Hire the team. | F8: 'I need a team to ship a weekly newsletter' | G8: Recruiter proposes a named team with members + roles; team-wide tools/model/autonomy/pins/knowledge are shown; on Hire, every member is created with those settings and joins the room. | H8: P1
A9: PRJ-06 | B9: Room playbook | C9: Pin a play to the room | D9: Room has a crew; at least one play exists. | E9: 1) Crew column > 'Room playbook'. 2) Pin a play. 3) Run a matching task. | F9: Pin 'weekly-digest' play | G9: The pinned play applies to every member of the room on top of their own pins; the run uses it. | H9: P2
A10: PRJ-07 | B10: Per-room connectors | C10: Enable a connector only for this room | D10: A connector is available. | E10: 1) Room settings > Connectors. 2) Enable one (e.g., Gmail) for this room only. 3) Use it in the room. | F10: 'Find last week's launch emails' | G10: Connector is scoped to the room; usable in-room; other rooms unaffected. | H10: P2
A11: PRJ-08 | B11: Chats & Tasks | C11: Categorized Chats and Tasks persist | D11: Room has activity. | E11: 1) Create 2 chats and 3 tasks. 2) Close and reopen the room. 3) Mark a task done. | F11: — | G11: Chats and Tasks are listed under the room, survive reopen, and task state persists. | H11: P2
A12: PRJ-09 | B12: Handoff | C12: Start work in Let's Collaborate from a room | D12: Room with a team. | E12: 1) Open a project task. 2) Click 'Start work in Let's Collaborate'. | F12: — | G12: Switches to Let's Collaborate carrying the room/team context; the conversation continues with the crew. | H12: P2
A13: PRJ-10 | B13: Lifecycle | C13: Rename and delete a room | D13: An existing room. | E13: 1) Rename the room. 2) Delete a different test room; confirm. | F13: — | G13: Rename persists; delete asks for confirmation and removes the room and its list entry only. | H13: P2
A14: PRJ-11 | B14: Persistence | C14: Rooms follow the account (workspace sync) | D14: Logged in on the desktop app. | E14: 1) Create a room + team. 2) Sign out and back in (or check sync). | F14: — | G14: Room, crew, folders and instructions reload after re-login (last-write-wins); API keys stay device-local. | H14: P3

Sheet 02 Agents
A1: Agents
A2: Single agent, Agent Team, and Agent Swarm — Designer living-card, capabilities, and the full blueprint.
A3: ID | B3: Sub-area | C3: Scenario | D3: Preconditions | E3: Steps | F3: Example input / data | G3: Expected result | H3: Priority | I3: Result | J3: Severity | K3: Notes / bug link
A4: AGT-01 | B4: Single / Designer | C4: Create an agent from an archetype starter | D4: On Agents > New (Designer). | E4: 1) Agents > New agent. 2) On the Designer empty state, click an Archetype card (Researcher/Writer/Analyst/Coder/Ops/Support). 3) Watch the blueprint pre-fill. | F4: Pick 'Researcher' | G4: The living card pre-fills name, one-line role, instructions, a capability grid and vibe — a complete starting blueprint. | H4: P1
A5: AGT-02 | B5: Single / Designer | C5: Create from the persona cast | D5: Designer open. | E5: 1) Click 'Browse all N roles'. 2) Pick a persona from the catalogue. | F5: Pick 'Pitchwright' | G5: Catalogue expands; chosen persona hires into a full blueprint. | H5: P2
A6: AGT-03 | B6: Single / Designer | C6: Edit the living card | D6: A draft agent open. | E6: 1) Edit Name and the one-line role. 2) Edit 'How they work' (instructions). | F6: Name 'Scout'; role 'Market researcher' | G6: Edits reflect live on the right-hand card; name shows as a static label (not a duplicate field). | H6: P1
A7: AGT-04 | B7: Single / Personality | C7: Vibe chips change the Tone line | D7: Draft open. | E7: 1) Toggle 2 vibe chips on, 1 off. 2) Inspect end of instructions. | F7: Toggle 'Concise' + 'Friendly' | G7: A 'Tone: …' line is maintained at the end of the instructions reflecting the chips (real effect, not cosmetic); stored on draft.vibe. | H7: P2
A8: AGT-05 | B8: Single / Avatar | C8: Upload a custom agent photo | D8: Draft open. | E8: 1) Click the camera badge on the hero portrait. 2) Pick an image. | F8: Any JP/PNG | G8: Image is downscaled to a 256px avatar and shown as the agent face in Designer, roster cards and Floor tiles. | H8: P2
A9: AGT-06 | B9: Single / Avatar | C9: Cycle a generated look | D9: Draft open, no custom photo. | E9: 1) Tap the portrait repeatedly. | F9: — | G9: Portrait cycles through generated identity looks (color/glyph). | H9: P3
A10: AGT-07 | B10: Single / Capabilities | C10: Toggle the capability grid | D10: Draft open. | E10: 1) Toggle Files, Shell, Connectors, Skills, Browser, Desktop on/off. 2) Note the risk tint. | F10: Enable Shell + Desktop | G10: Each capability toggles; Terminal/Desktop show an amber risk tint; state stored on the draft tools{}. | H10: P1
A11: AGT-08 | B11: Single / Model | C11: Pin a model to the agent | D11: Draft open. | E11: 1) Open the model picker on the blueprint. 2) Pin a specific model. | F11: Pin a specific OpenRouter model | G11: Agent runs on the pinned model regardless of the global selector. | H11: P2
A12: AGT-09 | B12: Single / Autonomy | C12: Set autonomy level | D12: Draft open. | E12: 1) Change the autonomy setting. | F12: Set to higher autonomy | G12: Setting saves and governs how much the agent acts without asking. | H12: P2
A13: AGT-10 | B13: Single / Knowledge | C13: Add knowledge to an agent | D13: Draft open. | E13: 1) Knowledge section > add text/file. | F13: Paste a product FAQ | G13: Knowledge is stored and retrieved (RAG-lite) in chat/teams/triggers/swarms. | H13: P2
A14: AGT-11 | B14: Single / Plays | C14: Pin plays to the agent | D14: At least one play exists. | E14: 1) Pinned plays > add a play. | F14: Pin 'summarize-thread' | G14: Pinned play is pre-loaded on every mission for this agent. | H14: P2
A15: AGT-12 | B15: Single / Memory | C15: Toggle memory | D15: Draft open. | E15: 1) Turn memory on; run a chat; reference an earlier fact. | F15: 'Remember I prefer bullet summaries' | G15: With memory on the agent reads+learns across chat/teams/triggers; swarms read only. | H15: P2
... A30: AGT-27 | B30: Folders | C30: Organize agents into folders | D30: Several agents exist. | E30: 1) Create a folder; move agents in. | F30: — | G30: Agents group under folders; user re-filing sticks. | H30: P3

Sheet 03 Studio
A1: Studio
A2: Studio creative suite (rebuilt today) — Create/Gallery/Guide, lenses, Design DNA, Surprise, Variations, Crew, preview, Gallery, Send-to-Workroom.
A3: ID | B3: Sub-area | C3: Scenario | D3: Preconditions | E3: Steps | F3: Example input / data | G3: Expected result | H3: Priority | I3: Result | J3: Severity | K3: Notes / bug link
A4: STD-01 | B4: Create | C4: Prompt-only creation (the hero) | D4: Studio > Create tab. | E4: 1) Type only a description in the big prompt bar (no lens). 2) Create. | F4: 'a tip & bill-split calculator with a clean dark UI' | G4: Madav forges a live, runnable preview from the prompt alone; the prompt is the hero (no lens required). | H4: P1
A5: STD-02 | B5: Create / Lens | C5: Pick a lens + type | D5: Create tab. | E5: 1) Click a lens (App/site). 2) Pick a type. 3) Describe. 4) Create. | F5: Lens 'App / site', type 'Dashboard': 'habit tracker with weekly streak chart' | G5: Output matches the lens format (self-contained HTML/React); type seeds the structure. | H5: P1
A6: STD-03 | B6: Create / Lens | C6: Each lens outputs the right format | D6: Create tab. | E6: Run one of EACH lens and confirm the output format: - App/site -> HTML/React page - Tool -> interactive single-file tool - Game -> playable HTML game - Visual -> HTML/SVG/Canvas - Document -> Markdown - Diagram -> Mermaid - Quiz -> interactive scored HTML | F6: Game: 'one-button endless runner'; Diagram: 'flowchart of customer onboarding'; Doc: 'one-page product spec' | G6: Every lens produces its declared format and renders/downloads correctly. (Run 7 sub-checks.) | H6: P1
A7: STD-04 | B7: Design DNA | C7: Apply a built-in style | D7: Create tab; a lens that supports style. | E7: 1) Open Design DNA. 2) Pick a built-in style (Minimalist/Modern/Bold/Playful/Professional/Dark). 3) Create. | F7: Style 'Dark' on a landing page | G7: Output visibly follows the chosen style. | H7: P1
A8: STD-05 | B8: Design DNA | C8: Save a custom style preset | D8: Create tab. | E8: 1) Design DNA > add/save a style. 2) Name it + rules. 3) Save. | F8: Name 'Brand A'; rules 'navy + gold, big serif headers' | G8: Preset saves to settings.studioStyles, selectable for future creations. | H8: P2
A9: STD-06 | B9: Design DNA | C9: Delete a style preset | D9: A custom preset exists. | E9: 1) Delete the preset; confirm. | F9: — | G9: Preset removed from the list and from settings. | H9: P2
A10: STD-07 | B10: Surprise | C10: Surprise-me seed | D10: Create tab. | E10: 1) Click the Surprise (dice) control. | F10: — | G10: A random creative seed populates the prompt and focuses the bar (e.g., 'a dashboard as if designed by a Swiss railway in 1965'). | H10: P2
A11: STD-08 | B11: Variations | C11: Generate N variations | D11: Create tab. | E11: 1) Set Variations to 2-4. 2) Create. | F11: Variations = 3 on 'a pricing page' | G11: Produces that many distinct takes to compare. | H11: P1
A12: STD-09 | B12: Crew | C12: Crew pass | D12: Create tab. | E12: 1) Enable Crew. 2) Create. | F12: Crew on a complex app | G12: A multi-role pass refines the creation before preview. | H12: P2
A13: STD-10 | B13: Preview | C13: Live runnable preview | D13: Any creation done. | E13: 1) Inspect the preview pane; interact with it. | F13: Click buttons in the generated tool | G13: Preview renders and is actually runnable/interactive. | H13: P1
A14: STD-11 | B14: Gallery | C14: Save a creation to Gallery | D14: A finished creation. | E14: 1) Click Save-to-gallery (bookmark). | F14: — | G14: Item saved to settings.studioGallery; appears on the Gallery tab. | H14: P1
A15: STD-12 | B15: Gallery | C15: Open/preview a gallery item | D15: Gallery has items. | E15: 1) Gallery tab > open an item. | F15: — | G15: Item previews/opens with its code intact. | H15: P2
... A23: STD-20 | B23: Persistence | C23: Styles + gallery survive restart | D23: Saved styles + gallery items. | E23: 1) Fully restart the app. 2) Reopen Studio. | F23: — | G23: studioStyles and studioGallery reload from the settings store. | H23: P2

Sheet 04 Scheduler
A1: Scheduler
A2: Scheduler — recurring and one-off automated tasks, webhooks, run history.
A3: ID | B3: Sub-area | C3: Scenario | D3: Preconditions | E3: Steps | F3: Example input / data | G3: Expected result | H3: Priority | I3: Result | J3: Severity | K3: Notes / bug link
A4: SCH-01 | B4: Create | C4: Daily recurring task | D4: On Scheduler. | E4: 1) New scheduled task. 2) Choose daily at a time. 3) Set the prompt/agent. 4) Save. | F4: 'Every day at 6am give me a news briefing' (cron 0 6 * * *) | G4: Task is created with the right cron; appears in the list as scheduled. | H4: P1
A5: SCH-02 | B5: Create | C5: One-off future run | D5: Scheduler. | E5: 1) New task > run once at a future time. | F5: 'In 1 hour remind me to send the deck' | G5: A one-off fireAt task is created and will run once. | H5: P1
A6: SCH-03 | B6: Agent | C6: Schedule an agent | D6: A saved agent. | E6: 1) New task targeting an agent. | F6: 'Each Monday, Researcher compiles competitor news' | G6: The agent runs on the schedule; output delivered. | H6: P1
A7: SCH-04 | B7: Webhook | C7: Webhook trigger card | D7: Scheduler. | E7: 1) Open the webhook card. 2) Reveal 'Show the raw command'. 3) Copy the example. | F7: — | G7: Card is centered; raw curl is collapsed behind a details reveal; Copy works. | H7: P2
A8: SCH-05 | B8: Edit | C8: Edit a schedule | D8: An existing task. | E8: 1) Change time/prompt. 2) Save. | F8: Move 6am -> 7am | G8: Change persists and next-run updates. | H8: P2
A9: SCH-06 | B9: Disable | C9: Pause / disable | D9: An active task. | E9: 1) Pause it. | F9: — | G9: Task stops firing while paused; can be resumed. | H9: P2
A10: SCH-07 | B10: History | C10: View run history | D10: A task that has fired. | E10: 1) Open run history. | F10: — | G10: Past runs listed with status/output. | H10: P2
A11: SCH-08 | B11: Delete | C11: Delete a schedule | D11: A test task. | E11: 1) Delete; confirm. | F11: — | G11: Task removed; no further runs. | H11: P2
A12: SCH-09 | B12: Organization | C12: Scheduler grouping/org | D12: Several tasks. | E12: 1) Review grouping/sorting. | F12: — | G12: Tasks are organized clearly (per the scheduler organization update). | H12: P3

Sheet 05 Playbook
A1: Playbook
A2: Playbook (formerly Skills) — reusable 'plays', pinning, auto-match, Forge, chains.
A3: ID | B3: Sub-area | C3: Scenario | D3: Preconditions | E3: Steps | F3: Example input / data | G3: Expected result | H3: Priority | I3: Result | J3: Severity | K3: Notes / bug link
A4: PLB-01 | B4: View | C4: Browse plays as cards | D4: On Playbook. | E4: 1) Open Playbook. | F4: — | G4: Every learned move shows as a play card with a usage line. | H4: P1
A5: PLB-02 | B5: Run | C5: Run a play on demand | D5: A play exists. | E5: 1) In chat type /<playname>. | F5: /weekly-digest | G5: The play runs on demand. | H5: P1
A6: PLB-03 | B6: Auto-match | C6: Auto-match a play to a task | D6: A matching play exists. | E6: 1) Give a task that matches a play without naming it. | F6: 'Make this week's digest' | G6: The matcher picks and runs the right play automatically. | H6: P1
A7: PLB-04 | B7: Pin / agent | C7: Pin a play to an agent | D7: A play + an agent. | E7: 1) Pin the play to an agent. 2) Run that agent. | F7: Pin 'summarize-thread' to Researcher | G7: The pinned play is always in that agent's hands, pre-loaded each mission. | H7: P2
A8: PLB-05 | B8: Pin / room | C8: Team playbook (pin to a room) | D8: A room with a crew. | E8: 1) Pin a play to the room. | F8: — | G8: Play applies to every member, on top of each member's own pins. | H8: P2
A9: PLB-06 | B9: Usage | C9: Usage counter & cleanup | D9: Plays with history. | E9: 1) Read each card's 'used N× · last by …'. | F9: — | G9: Counts show workhorses vs dead weight ('used 0× · 3 months') for pruning. | H9: P3
A10: PLB-07 | B10: Fallback | C10: Missing/renamed pin falls back | D10: A pinned play that is then renamed/removed. | E10: 1) Rename a pinned play. 2) Run the agent. | F10: — | G10: Run silently falls back to the normal Playbook; nothing breaks. | H10: P2
A11: PLB-08 | B11: Forge | C11: Forge a play from instinct | D11: Forge available. | E11: 1) Trigger a forge draft. 2) Review and Approve. | F11: — | G11: Draft becomes a play in the Playbook after approval. | H11: P2
A12: PLB-09 | B12: Import | C12: Import a play | D12: A shared play/agent. | E12: 1) Click 'Import play'. | F12: — | G12: Play (and its agent if bundled) appear ready to use. | H12: P3
A13: PLB-10 | B13: Delete | C13: Delete a play | D13: A test play. | E13: 1) Delete; confirm path shown. | F13: — | G13: Play removed from the Playbook. | H13: P2
A14: PLB-11 | B14: Guide | C14: Playbook Guide / How to activate | D14: Playbook. | E14: 1) Open the guide / 'How to activate' tab. | F14: — | G14: Explains plays, pinning, team playbooks, and routes to run a play. | H14: P3
A15: PLB-12 | B15: Power | C15: Chains / needs / health | D15: Advanced plays. | E15: 1) Inspect a chained play and its health. | F15: — | G15: Chains, needs (prerequisites), auto-pin and health indicators behave as documented. | H15: P3

Sheet 06 Connectors
A1: Connectors
A2: Connectors — connect external tools and use them in chat, rooms, and agents.
A3: ID | B3: Sub-area | C3: Scenario | D3: Preconditions | E3: Steps | F3: Example input / data | G3: Expected result | H3: Priority | I3: Result | J3: Severity | K3: Notes / bug link
A4: CON-01 | B4: Browse | C4: Browse the connector gallery | D4: On Connectors. | E4: 1) Open Connectors. | F4: — | G4: Gallery shows connectors with bundled brand icons (white tiles), no network needed to render. | H4: P1
A5: CON-02 | B5: Connect | C5: Connect a connector | D5: A connector available. | E5: 1) Pick one (e.g., Gmail) > Connect. 2) Approve in the popup that opens. | F5: Gmail / Google | G5: Auth flow completes; connector shows as connected. (You approve the OAuth consent yourself.) | H5: P1
A6: CON-03 | B6: Use in chat | C6: Use a connector in chat | D6: A connected connector. | E6: 1) Ask a question that needs it. | F6: 'Search my email for the launch thread' | G6: Madav calls the connector tool and returns results with a source/citation. | H6: P1
A7: CON-04 | B7: Per-room | C7: Scope a connector to a room | D7: Connected connector + a room. | E7: 1) Enable it for one room only. | F7: — | G7: Connector works in that room; other rooms unaffected. | H7: P2
A8: CON-05 | B8: Agent | C8: An agent uses a connector | D8: Agent with Connectors capability on. | E8: 1) Run an agent task needing the connector. | F8: 'Pull my 5 newest Asana tasks' | G8: Agent invokes the connector during its run. | H8: P2
A9: CON-06 | B9: Registry | C9: Search the connector registry | D9: No suitable connector installed. | E9: 1) Ask for a tool you don't have. | F9: 'I want to post to Slack' | G9: Madav searches the registry and suggests relevant connectors to add. | H9: P2
A10: CON-07 | B10: Disconnect | C10: Disconnect a connector | D10: A connected connector. | E10: 1) Disconnect it. | F10: — | G10: Connector returns to disconnected; tools no longer offered. | H10: P2
A11: CON-08 | B11: Offline icons | C11: Bundled icons render offline | D11: No network. | E11: 1) Open Connectors with network off. | F11: — | G11: Brand icons still render (bundled, zero network). | H11: P3

Sheet 07 Lets Chat
A1: Lets Chat
A2: Let's Chat — the base conversational surface and its model/file/voice features.
A3: ID | B3: Sub-area | C3: Scenario | D3: Preconditions | E3: Steps | F3: Example input / data | G3: Expected result | H3: Priority | I3: Result | J3: Severity | K3: Notes / bug link
A4: CHT-01 | B4: Basic | C4: Chat on a free model | D4: Logged in; Let's Chat. | E4: 1) Ask a general question. | F4: 'Explain RAG in 3 sentences' | G4: Answer streams from the selected free model. | H4: P1
A5: CHT-02 | B5: Model | C5: Switch models in the selector | D5: Let's Chat. | E5: 1) Open the model selector. 2) Pick a different provider/model. | F5: OpenRouter -> another model | G5: Active model changes; next reply uses it; online status reflects it. | H5: P1
A6: CHT-03 | B6: Attach | C6: Attach a file / folder | D6: Let's Chat. | E6: 1) Use '+' to attach a file or pick a folder. 2) Ask about it. | F6: Attach a CSV: 'what are the top rows?' | G6: File/folder is read; the answer reflects its content (Excel/CSV parsed). | H6: P1
A7: CHT-04 | B7: Voice | C7: Voice input | D7: Mic permission granted. | E7: 1) Click the mic; speak; stop. | F7: Speak a question | G7: Speech is transcribed into the composer (Windows mic supported). | H7: P2
A8: CHT-05 | B8: Image | C8: Image generation from the selector | D8: Image-capable path. | E8: 1) Request an image. | F8: 'Generate a minimalist fox logo' | G8: An image is generated and shown inline. | H8: P2
A9: CHT-06 | B9: Memory | C9: Cross-chat memory | D9: Memory enabled. | E9: 1) State a preference in one chat. 2) Start a new chat and rely on it. | F9: 'I prefer metric units' then later 'how tall is Everest?' | G9: Later chat respects the remembered preference. | H9: P2
A10: CHT-07 | B10: Session | C10: New session | D10: Any chat open. | E10: 1) Click 'New session'/'New chat'. | F10: — | G10: A fresh chat starts; prior chat saved to Recents. | H10: P2
A11: CHT-08 | B11: Search | C11: Search chats | D11: Several chats exist. | E11: 1) Use the Recents search box. | F11: Search a keyword | G11: Matching chats are filtered. | H11: P3
A12: CHT-09 | B12: Stop | C12: Stop generation | D12: A long answer streaming. | E12: 1) Click Stop. | F12: — | G12: Generation halts promptly; partial output retained. | H12: P2
A13: CHT-10 | B13: Permission | C13: Permission mode | D13: Agentic actions possible. | E13: 1) Change the permission dropdown. 2) Trigger a side-effect. | F13: Set to ask-first | G13: Side-effectful actions respect the chosen permission mode. | H13: P1
A14: CHT-11 | B14: Tool cards | C14: Tool cards & command translation | D14: A tool is used. | E14: 1) Ask something that triggers a tool. | F14: 'List files here' | G14: Each tool use renders a readable ToolCard with a plain-language translation. | H14: P2
A15: CHT-12 | B15: Tutor | C15: Study & Learn tutor | D15: Tutor feature on. | E15: 1) Start a Study & Learn session. | F15: 'Teach me binary search' | G15: Tutor walks through the topic interactively. | H15: P3
... A17: CHT-14 | B17: Viewport | C17: Window never scrolls; content area scrolls | D17: Long chat. | E17: 1) Scroll a long conversation. | F17: — | G17: Only the content area scrolls; the page/frame stays locked (no mid-list cutoff). | H17: P2

Sheet 08 Lets Build
A1: Lets Build
A2: Let's Build (code mode) — explore -> edit -> run on a local folder or GitHub repo, with examples.
A3: ID | B3: Sub-area | C3: Scenario | D3: Preconditions | E3: Steps | F3: Example input / data | G3: Expected result | H3: Priority | I3: Result | J3: Severity | K3: Notes / bug link
A4: BLD-01 | B4: Open | C4: Open Let's Build + pick a folder | D4: Desktop app. | E4: 1) Top nav > Let's Build. 2) 'Select Folder' > choose a project. | F4: Select a small repo folder | G4: Folder loads as the working directory; composer is tuned for code. | H4: P1
A5: BLD-02 | B5: GitHub | C5: Add a GitHub repo | D5: Let's Build. | E5: 1) Use the env picker > add a GitHub repo. | F5: A public repo URL | G5: Repo is attached as the working context (GitHub lives in Build). | H5: P1
A6: BLD-03 | B6: Explore | C6: Explore the codebase (example) | D6: A folder is loaded. | E6: 1) Ask a read-only question. | F6: 'What does this project do and where is the entry point?' | G6: Madav reads files and answers with real file references; no edits made. | H6: P1
A7: BLD-04 | B7: Edit | C7: Make a small edit (example) | D7: A loaded folder + permission set. | E7: 1) Ask for a concrete change. 2) Approve the edit. | F7: 'Add a --version flag that prints 1.0.0 to the CLI' | G7: Edit is proposed, you approve, the file is changed correctly. | H7: P1
A8: BLD-05 | B8: Run | C8: Run a command / tests | D8: A loaded project. | E8: 1) Ask to run the build or tests. | F8: 'Run the test suite and summarize failures' | G8: Command runs; output is captured and summarized. | H8: P1
A9: BLD-06 | B9: Permission | C9: Permission gating on writes | D9: Permission = ask-first. | E9: 1) Request an edit. | F9: — | G9: Write is blocked until you approve; read-only actions proceed. | H9: P1
A10: BLD-07 | B10: Undo | C10: Undo the last edit | D10: After an edit. | E10: 1) Ask to undo / use undo. | F10: 'Undo that change' | G10: Last edit is reverted cleanly. | H10: P2
A11: BLD-08 | B11: Multi-file | C11: Multi-file change | D11: A loaded project. | E11: 1) Ask for a change spanning files. | F11: 'Rename function foo to bar everywhere' | G11: All affected files updated consistently. | H11: P2
A12: BLD-09 | B12: Diff | C12: Review a diff | D12: After edits. | E12: 1) Generate/inspect the diff. | F12: — | G12: A readable diff of changes is shown before/after applying. | H12: P2
A13: BLD-10 | B13: End-to-end | C13: Build a small feature (example) | D13: Empty or small folder. | E13: 1) Ask for a complete small feature. 2) Run it. | F13: 'Create a Node script that fetches a URL and prints the title tag' | G13: Files are created, the script runs and produces the expected output. | H13: P1

Sheet 09 Recorders
A1: Recorders
A2: Record Website (flow) and Record Desktop (UIA) -> skill drafts in the Playbook.
A3: ID | B3: Sub-area | C3: Scenario | D3: Preconditions | E3: Steps | F3: Example input / data | G3: Expected result | H3: Priority | I3: Result | J3: Severity | K3: Notes / bug link
A4: REC-01 | B4: Website | C4: Record a website flow | D4: Desktop app. | E4: 1) Start 'Record website' (Skills/Playbook or the global Record control). 2) A recorder window opens. 3) Perform a few steps on a site. 4) Close the recorder window. | F4: Record: open a site, search, open first result | G4: Recorder window opens; closing it FINISHES the recording and a flow skill draft is announced. | H4: P1
A5: REC-02 | B5: Website | C5: Status chip mirrors reality | D5: A web recording running. | E5: 1) Watch the online-area chip while recording. | F5: — | G5: Chip reflects the active recording regardless of where it was started; it clears when the window closes. | H5: P2
A6: REC-03 | B6: Desktop | C6: Record a desktop flow | D6: Windows desktop app. | E6: 1) Start 'Record desktop'. 2) Perform actions in a native app (UIA events via PowerShell). 3) Stop. | F6: Open Notepad, type, save | G6: A desktop_* skill draft is produced from the captured UIA events. | H6: P1
A7: REC-04 | B7: Approve | C7: Approve a recorded draft | D7: A draft exists. | E7: 1) Playbook > approve the draft. | F7: — | G7: Draft becomes a runnable play in the Playbook. | H7: P1
A8: REC-05 | B8: Global | C8: Start/stop from anywhere | D8: Anywhere in the app. | E8: 1) Use the global Record control in the top bar. | F8: — | G8: Recording can be started/stopped globally; status polls both recorders. | H8: P2
A9: REC-06 | B9: Chrome | C9: Chrome-extension recorder | D9: Madav Chrome extension installed. | E9: 1) Record via the extension (/hook/flow). | F9: — | G9: Extension-captured flow becomes a draft over the local link; keys never enter Chrome. | H9: P3

Sheet 10 Terminal
A1: Terminal
A2: In-app Terminal panel.
A3: ID | B3: Sub-area | C3: Scenario | D3: Preconditions | E3: Steps | F3: Example input / data | G3: Expected result | H3: Priority | I3: Result | J3: Severity | K3: Notes / bug link
A4: TRM-01 | B4: Open | C4: Open the Terminal panel | D4: Desktop app. | E4: 1) Sidebar > Terminal. | F4: — | G4: Terminal panel opens with a prompt. | H4: P1
A5: TRM-02 | B5: Run | C5: Run a basic command | D5: Terminal open. | E5: 1) Type a command; Enter. | F5: echo hello | G5: Command runs; 'hello' is printed. | H5: P1
A6: TRM-03 | B6: Dir | C6: Change directory | D6: Terminal open. | E6: 1) cd into a project; list files. | F6: cd into the loaded folder; dir/ls | G6: Working directory changes; listing is correct. | H6: P2
A7: TRM-04 | B7: Output | C7: Output rendering | D7: A command with long output. | E7: 1) Run something verbose. | F7: a build or a long listing | G7: Output renders fully and scrolls within the panel. | H7: P2
A8: TRM-05 | B8: Long-run | C8: Long-running command + stop | D8: Terminal open. | E8: 1) Start a long command. 2) Interrupt it. | F8: a watch/long task, then Ctrl+C | G8: Command can be interrupted; the panel stays responsive. | H8: P2

Sheet 11 CLI (madav code)
A1: CLI (madav code)
A2: The 'madav' command-line agent — enable terminal access and run it in any folder.
A3: ID | B3: Sub-area | C3: Scenario | D3: Preconditions | E3: Steps | F3: Example input / data | G3: Expected result | H3: Priority | I3: Result | J3: Severity | K3: Notes / bug link
A4: CLI-01 | B4: Enable | C4: Enable terminal access | D4: Desktop app (a browser can't write your shell). | E4: 1) Settings > Terminal access. 2) Click Enable. | F4: — | G4: Provider settings are written to a local config and the 'madav' command is added to PATH; no API key re-entry. | H4: P1
A5: CLI-02 | B5: Node | C5: Node.js detection | D5: Node may or may not be installed. | E5: 1) Open the CLI/Terminal-access card. | F5: — | G5: If Node is missing, the card warns and links nodejs.org; once installed, Enable succeeds; if present it shows active. | H5: P1
A6: CLI-03 | B6: PATH | C6: 'madav' is on PATH | D6: Terminal access enabled. | E6: 1) Open ANY terminal. 2) Run: madav | F6: madav | G6: The command is found ('command installed'); the CLI starts. | H6: P1
A7: CLI-04 | B7: Run | C7: Run madav in a project | D7: CLI installed. | E7: 1) cd into a project folder. 2) Run madav. 3) Give a task. | F7: cd repo; madav; 'add a README badge' | G7: CLI operates on that folder using your subscription/provider; performs the task. | H7: P1
A8: CLI-05 | B8: Help | C8: /help lists commands | D8: In the CLI. | E8: 1) Type /help. | F8: /help | G8: Commands are listed. | H8: P2
A9: CLI-06 | B9: Undo | C9: /undo reverts last edit | D9: After a CLI edit. | E9: 1) Type /undo. | F9: /undo | G9: The last edit is reverted. | H9: P2
A10: CLI-07 | B10: Subscription | C10: Subscription checked at start | D10: CLI installed. | E10: 1) Start the CLI. | F10: — | G10: Subscription is verified on start; no API key is requested again (keys stay device-local). | H10: P2
